<?xml version="1.0" encoding="UTF-8"?>
<metadata xml:lang="en"><Esri><CreaDate>20160510</CreaDate><CreaTime>08433500</CreaTime><ArcGISFormat>1.0</ArcGISFormat><SyncOnce>TRUE</SyncOnce><DataProperties><lineage><Process ToolSource="c:\program files\arcgis\desktop10.1\ArcToolbox\Toolboxes\Data Management Tools.tbx\CalculateField" Date="20140529" Time="130158">CalculateField erie.SDEADMIN.election_districts_2014 ID 1 VB #</Process><Process ToolSource="c:\program files\arcgis\desktop10.1\ArcToolbox\Toolboxes\Data Management Tools.tbx\CalculateField" Date="20140529" Time="130234">CalculateField erie.SDEADMIN.election_districts_2014 ID 2 VB #</Process><Process ToolSource="c:\program files\arcgis\desktop10.1\ArcToolbox\Toolboxes\Data Management Tools.tbx\CalculateField" Date="20140529" Time="130312">CalculateField erie.SDEADMIN.election_districts_2014 ID 3 VB #</Process><Process ToolSource="c:\program files\arcgis\desktop10.1\ArcToolbox\Toolboxes\Data Management Tools.tbx\CalculateField" Date="20140529" Time="130331">CalculateField erie.SDEADMIN.election_districts_2014 ID 4 VB #</Process><Process ToolSource="c:\program files\arcgis\desktop10.1\ArcToolbox\Toolboxes\Data Management Tools.tbx\CalculateField" Date="20140529" Time="130405">CalculateField erie.SDEADMIN.election_districts_2014 ID 5 VB #</Process><Process ToolSource="c:\program files\arcgis\desktop10.1\ArcToolbox\Toolboxes\Data Management Tools.tbx\CalculateField" Date="20140529" Time="130505">CalculateField erie.SDEADMIN.election_districts_2014 ID 6 VB #</Process><Process ToolSource="c:\program files\arcgis\desktop10.1\ArcToolbox\Toolboxes\Data Management Tools.tbx\CalculateField" Date="20140529" Time="130531">CalculateField erie.SDEADMIN.election_districts_2014 ID 7 VB #</Process><Process ToolSource="c:\program files\arcgis\desktop10.1\ArcToolbox\Toolboxes\Data Management Tools.tbx\CalculateField" Date="20140529" Time="130557">CalculateField erie.SDEADMIN.election_districts_2014 ID 8 VB #</Process><Process ToolSource="c:\program files\arcgis\desktop10.1\ArcToolbox\Toolboxes\Data Management Tools.tbx\CalculateField" Date="20140529" Time="130624">CalculateField erie.SDEADMIN.election_districts_2014 ID 9 VB #</Process><Process ToolSource="c:\program files\arcgis\desktop10.1\ArcToolbox\Toolboxes\Data Management Tools.tbx\CalculateField" Date="20140529" Time="130701">CalculateField erie.SDEADMIN.election_districts_2014 ID 10 VB #</Process><Process ToolSource="c:\program files\arcgis\desktop10.1\ArcToolbox\Toolboxes\Data Management Tools.tbx\CalculateField" Date="20140529" Time="130719">CalculateField erie.SDEADMIN.election_districts_2014 ID 11 VB #</Process></lineage></DataProperties></Esri></metadata>
