<?xml version="1.0" encoding="UTF-8"?>
<metadata xml:lang="en"><Esri><CreaDate>20160505</CreaDate><CreaTime>08262400</CreaTime><SyncOnce>TRUE</SyncOnce><DataProperties><lineage><Process Name="Create Feature Class" ToolSource="C:\Program Files\ArcGIS\ArcToolbox\Toolboxes\Data Management Tools.tbx\CreateFeatureclass" Date="20061005" Time="092845">CreateFeatureclass "Database Connections\gangemim.sde" ENSSO_MunicipalBoundaries # MunicipalBoundaries_Layer SAME_AS_TEMPLATE SAME_AS_TEMPLATE "PROJCS['NAD_1983_StatePlane_New_York_West_FIPS_3103_Feet',GEOGCS['GCS_North_American_1983',DATUM['D_North_American_1983',SPHEROID['GRS_1980',6378137.0,298.257222101]],PRIMEM['Greenwich',0.0],UNIT['Degree',0.0174532925199433]],PROJECTION['Transverse_Mercator'],PARAMETER['False_Easting',1148291.666666667],PARAMETER['False_Northing',0.0],PARAMETER['Central_Meridian',-78.58333333333333],PARAMETER['Scale_Factor',0.9999375],PARAMETER['Latitude_Of_Origin',40.0],UNIT['Foot_US',0.3048006096012192]];546795.055249872 509307.935736864 1953.12499818101;0 100000;0 100000" # 27383 0 0 "Database Connections\gangemim.sde\GANGEMIM.ENSSO_MunicipalBoundaries"</Process><Process Name="Append" ToolSource="C:\Program Files\ArcGIS\ArcToolbox\Toolboxes\Data Management Tools.tbx\Append" Date="20061005" Time="092852">Append MunicipalBoundaries_Layer "Database Connections\gangemim.sde\GANGEMIM.ENSSO_MunicipalBoundaries" TEST "Database Connections\gangemim.sde\GANGEMIM.ENSSO_MunicipalBoundaries"</Process><Process Name="FeatureClassToFeatureClass_9" ToolSource="C:\Program Files\ArcGIS\ArcToolbox\Toolboxes\Conversion Tools.tbx\FeatureClassToFeatureClass" Date="20061005" Time="092855">FeatureClassToFeatureClass C:\CDROM\Outfalls_Data\MunicipalBoundaries.shp "Database Connections\gangemim.sde" ENSSO_MunicipalBoundaries # "AREA AREA VISIBLE;PERIMETER PERIMETER VISIBLE;JURISD JURISD VISIBLE" SAME_AS_TEMPLATE SAME_AS_TEMPLATE # 27383 "Database Connections\gangemim.sde\GANGEMIM.ENSSO_MunicipalBoundaries"</Process></lineage></DataProperties><ArcGISFormat>1.0</ArcGISFormat></Esri><idinfo><citation><citeinfo><onlink Sync="TRUE">Server=w3-arcsql-e1; Service=sde:sqlserver:w3-arcsql-e1; Database=erie; User=sdeadmin; Version=sde.DEFAULT</onlink></citeinfo></citation></idinfo><distInfo><distributor><distorTran><onLineSrc><linkage Sync="TRUE">Server=w3-arcsql-e1; Service=sde:sqlserver:w3-arcsql-e1; Database=erie; User=sdeadmin; Version=sde.DEFAULT</linkage><protocol Sync="TRUE">ArcSDE Connection</protocol></onLineSrc></distorTran></distributor></distInfo><dataqual><lineage><procstep><procdesc Sync="TRUE">Dataset copied.</procdesc><srcused Sync="TRUE">Server=w3rth15-0510-19; Service=5151; User=sdeadmin; Version=SDE.DEFAULT</srcused><date Sync="TRUE">20080116</date><time Sync="TRUE">11004000</time></procstep><procstep><procdesc Sync="TRUE">Dataset copied.</procdesc><srcused Sync="TRUE">Server=w3rth15-0510-g1; Service=sde:sqlserver:w3rth15-0510-g1; Database=erie; User=sdeadmin; Version=sde.DEFAULT</srcused><procdate Sync="TRUE">20090908</procdate><proctime Sync="TRUE">14504300</proctime></procstep></lineage></dataqual></metadata>
