<?xml version="1.0"?>
<!--<!DOCTYPE metadata SYSTEM "http://www.esri.com/metadata/esriprof80.dtd">-->
<metadata xml:lang="en"><Esri><MetaID>{0C40C9C6-9C84-11D5-8DCA-0050DAB18E95}</MetaID><CreaDate>20010829</CreaDate><CreaTime>12292000</CreaTime><SyncDate>20010907</SyncDate><SyncTime>13103300</SyncTime><ModDate>20010907</ModDate><ModTime>13103300</ModTime></Esri><idinfo><native Sync="TRUE">Windows NT Version 4.0 (Build 1381) Service Pack 6; ESRI ArcInfo 8.1.0.415</native><descript><langdata Sync="TRUE">en</langdata><purpose>GIS layer suitable for showing boundaries of Erie County fire districts</purpose><abstract>Map layer used to display individual fire districts in Erie County</abstract></descript><citation><citeinfo><origin>Erie County DEP</origin><pubdate>Unknown</pubdate><title Sync="TRUE">fire_dist</title><ftname Sync="TRUE">fire_dist</ftname><geoform Sync="TRUE">vector digital data</geoform><pubinfo><pubplace>Buffalo, NY</pubplace><publish>Erie County DEP</publish></pubinfo></citeinfo></citation><timeperd><current>publication date</current><timeinfo><rngdates><begdate>unknown</begdate><enddate>2001</enddate></rngdates></timeinfo></timeperd><status><progress>Complete</progress><update>As needed</update></status><spdom><bounding><westbc>-79.76</westbc><eastbc>-78.30</eastbc><northbc>43.63</northbc><southbc>41.99</southbc></bounding><lboundng><leftbc Sync="TRUE">998763.687500</leftbc><rightbc Sync="TRUE">1181016.125000</rightbc><bottombc Sync="TRUE">888379.125000</bottombc><topbc Sync="TRUE">1129049.125000</topbc></lboundng></spdom><keywords><theme><themekey>fire station</themekey><themekey>fire</themekey><themekey>districts</themekey><themekey>station</themekey><themekt>fire districts</themekt></theme><place><placekey>buffalo</placekey><placekey>erie county</placekey><placekey>western ny</placekey><placekey>wny</placekey><placekt>western new york</placekt></place></keywords><accconst>Access to be granted by Erie County DEP</accconst><useconst>Permission to use this data to be granted by Erie County DEP</useconst><natvform Sync="TRUE">Shapefile</natvform><ptcontac><cntinfo><cntperp><cntper>Dale J. Morris</cntper><cntorg>Erie County Department of Environment &amp; Planning</cntorg></cntperp><cntpos>Capital Facilities Planner</cntpos><cntaddr><addrtype>mailing and physical address</addrtype><address>Edward A. Rath County Office Building
95 Franklin St.  10th Floor</address><city>Buffalo</city><state>NY</state><postal>14202</postal><country>USA</country></cntaddr><cntvoice>716 858-7422</cntvoice><cntfax>716 858-7248</cntfax><cntemail>morrisd@bflo.co.erie.ny.us</cntemail></cntinfo></ptcontac></idinfo><metainfo><langmeta Sync="TRUE">en</langmeta><metstdn Sync="TRUE">FGDC Content Standards for Digital Geospatial Metadata</metstdn><metstdv Sync="TRUE">FGDC-STD-001-1998</metstdv><mettc Sync="TRUE">local time</mettc><metextns><onlink Sync="TRUE">http://www.esri.com/metadata/esriprof80.html</onlink><metprof Sync="TRUE">ESRI Metadata Profile</metprof></metextns><metc><cntinfo><cntorgp><cntorg>Erie County Department of Environment &amp; Planning</cntorg></cntorgp><cntaddr><addrtype>mailing and physical address</addrtype><city>Buffalo</city><state>NY</state><postal>14202</postal><address>Edward A. Rath County Office Building
95 Franklin St.  10th Floor</address><country>USA</country></cntaddr><cntvoice>716 858-8390</cntvoice><cntfax>716 858-7248</cntfax></cntinfo></metc><metd>20010907</metd></metainfo><spdoinfo><direct Sync="TRUE">Vector</direct><ptvctinf><esriterm Name="fire_dist"><efeatyp Sync="TRUE">Simple</efeatyp><efeageom Sync="TRUE">Polygon</efeageom><esritopo Sync="TRUE">FALSE</esritopo><efeacnt Sync="TRUE">107</efeacnt><spindex Sync="TRUE">TRUE</spindex><linrefer Sync="TRUE">FALSE</linrefer></esriterm><sdtsterm Name="fire_dist"><sdtstype Sync="TRUE">G-polygon</sdtstype><ptvctcnt Sync="TRUE">107</ptvctcnt></sdtsterm></ptvctinf></spdoinfo><eainfo><detailed Name="fire_dist"><enttyp><enttypl Sync="TRUE">fire_dist</enttypl><enttypt Sync="TRUE">Feature Class</enttypt><enttypc Sync="TRUE">107</enttypc></enttyp><attr><attrlabl Sync="TRUE">FID</attrlabl><attalias Sync="TRUE">FID</attalias><attrtype Sync="TRUE">OID</attrtype><attwidth Sync="TRUE">4</attwidth><atprecis Sync="TRUE">0</atprecis><attscale Sync="TRUE">0</attscale></attr><attr><attrlabl Sync="TRUE">Shape</attrlabl><attalias Sync="TRUE">Shape</attalias><attrtype Sync="TRUE">Geometry</attrtype><attwidth Sync="TRUE">0</attwidth><atprecis Sync="TRUE">0</atprecis><attscale Sync="TRUE">0</attscale></attr><attr><attrlabl Sync="TRUE">AREA</attrlabl><attalias Sync="TRUE">AREA</attalias><attrtype Sync="TRUE">Number</attrtype><attwidth Sync="TRUE">12</attwidth><atnumdec Sync="TRUE">3</atnumdec></attr><attr><attrlabl Sync="TRUE">PERIMETER</attrlabl><attalias Sync="TRUE">PERIMETER</attalias><attrtype Sync="TRUE">Number</attrtype><attwidth Sync="TRUE">12</attwidth><atnumdec Sync="TRUE">3</atnumdec></attr><attr><attrlabl Sync="TRUE">FIRE_D_</attrlabl><attalias Sync="TRUE">FIRE_D_</attalias><attrtype Sync="TRUE">Number</attrtype><attwidth Sync="TRUE">11</attwidth></attr><attr><attrlabl Sync="TRUE">FIRE_D_ID</attrlabl><attalias Sync="TRUE">FIRE_D_ID</attalias><attrtype Sync="TRUE">Number</attrtype><attwidth Sync="TRUE">11</attwidth></attr><attr><attrlabl Sync="TRUE">NAME</attrlabl><attalias Sync="TRUE">NAME</attalias><attrtype Sync="TRUE">String</attrtype><attwidth Sync="TRUE">30</attwidth></attr><attr><attrlabl Sync="TRUE">CODE</attrlabl><attalias Sync="TRUE">CODE</attalias><attrtype Sync="TRUE">String</attrtype><attwidth Sync="TRUE">8</attwidth></attr></detailed></eainfo><distinfo><stdorder><digform><digtinfo><formname Sync="TRUE">SHP</formname><filedec Sync="TRUE">No compression applied</filedec><transize Sync="TRUE">0.953</transize><dssize Sync="TRUE">0.953</dssize></digtinfo><digtopt><onlinopt><accinstr Sync="TRUE">Local area network</accinstr><computer><networka><networkr Sync="TRUE">\\Depgis1\DEPGIS1_D\GIS_Data\GISmaps\DEP\fire_dist.shp</networkr></networka></computer></onlinopt></digtopt></digform></stdorder><distrib><cntinfo><cntorgp><cntorg>Erie County Department of Environment &amp; Planning</cntorg></cntorgp><cntaddr><addrtype>mailing and physical address</addrtype><address>Edward A. Rath County Office Building
95 Franklin St.  10th Floor</address><city>Buffalo</city><state>NY</state><postal>14202</postal><country>USA</country></cntaddr><cntvoice>716 858-8390</cntvoice><cntfax>716 858-7248</cntfax></cntinfo></distrib><techpreq>GIS workstation capable of running Arc/INFO and ArcView</techpreq></distinfo><spref><horizsys><planar><gridsys><gridsysn>Universal Transverse Mercator</gridsysn></gridsys><planci><plance>coordinate pair</plance></planci></planar><geodetic><horizdn>North American Datum of 1983</horizdn></geodetic></horizsys></spref></metadata>
